mirror_id,width_m,height_m,x_m,y_m,z_m
1,3.7,5.27,106.291444396351,11.5549165472809,5.27
19,3.7,5.27,-50.8448513414702,93.6222588553529,5.27
37,3.7,5.27,-70.1873267692133,-83.0903548784746,5.27
56,3.7,5.27,104.340499011211,-23.3515672779295,5.27
74,3.7,5.27,3.03160083770947,121.555393752162,5.27
93,3.7,5.27,-117.382048259967,-36.1426561595286,5.27
111,3.7,5.27,61.2349490758002,-104.184488937954,5.27
130,3.7,5.27,92.2177567434075,98.0076342772368,5.27
148,3.7,5.27,-105.592458776966,85.2979537856601,5.27
166,3.7,5.27,-79.1480575287085,-108.611273802818,5.27
185,3.7,5.27,119.729438575355,-58.6271963365609,5.27
203,3.7,5.27,79.0545874683435,125.051566338451,5.27
222,3.7,5.27,-122.129780354586,83.227290290306,5.27
240,3.7,5.27,-98.1886782708106,-113.066332368559,5.27
259,3.7,5.27,106.349230579214,-104.46476206627,5.27
277,3.7,5.27,121.089683175593,103.882217909,5.27
295,3.7,5.27,-83.7675027184793,139.1826469448,5.27
314,3.7,5.27,-143.990905482742,-73.4664024191072,5.27
332,3.7,5.27,49.7423538575259,-152.708828663076,5.27
351,3.7,5.27,168.955067663168,32.5488480749464,5.27
369,3.7,5.27,6.55776237682332,175.356120119586,5.27
388,3.7,5.27,-170.015837448325,32.5499357620369,5.27
406,3.7,5.27,-71.0590173027341,-159.608952092513,5.27
424,3.7,5.27,139.344205675708,-103.953116467072,5.27
443,3.7,5.27,139.853119814993,123.785851276413,5.27
461,3.7,5.27,-61.5019752054873,178.24902150237,5.27
480,3.7,5.27,-186.663556286525,-0.003,5.27
498,3.7,5.27,-71.4991202082593,-174.277002123511,5.27
517,3.7,5.27,143.497219609756,-126.629500785722,5.27
535,3.7,5.27,185.009587326889,79.1050512477452,5.27
553,3.7,5.27,6.42693144421569,205.750954253224,5.27
572,3.7,5.27,-187.767281441873,79.571448292008,5.27
590,3.7,5.27,-150.569839726884,-133.047932432358,5.27
609,3.7,5.27,68.1939605723517,-190.385186809859,5.27
627,3.7,5.27,199.164353437961,-18.7301886486744,5.27
646,3.7,5.27,97.0478442638038,188.26624575572,5.27
664,3.7,5.27,-123.823933265321,174.55825536374,5.27
682,3.7,5.27,-214.56256397838,-33.2042319275669,5.27
701,3.7,5.27,-54.4270129425741,-206.024204635661,5.27
719,3.7,5.27,161.801554912678,-145.531387416488,5.27
738,3.7,5.27,213.709784785989,93.1950528196434,5.27
756,3.7,5.27,3.55222417917331,231.810673268881,5.27
775,3.7,5.27,-216.72651949853,85.0757571303158,5.27
793,3.7,5.27,-169.062407000438,-156.41773985312,5.27
811,3.7,5.27,73.9531787544317,-215.785349735071,5.27
830,3.7,5.27,232.767936428516,-7.31978364150091,5.27
848,3.7,5.27,106.354988447903,217.239484866589,5.27
867,3.7,5.27,-164.458424148685,183.960273015491,5.27
885,3.7,5.27,-233.134684451639,-67.8051492150931,5.27
904,3.7,5.27,-26.6335615998144,-241.808794835248,5.27
922,3.7,5.27,206.111668183051,-127.972930985673,5.27
941,3.7,5.27,223.148779054278,130.328319639139,5.27
959,3.7,5.27,10.7364999456702,259.996556721514,5.27
977,3.7,5.27,-210.826240363666,145.98599815346,5.27
996,3.7,5.27,-231.54191907031,-109.268594046166,5.27
1014,3.7,5.27,-32.6095180013351,-256.808369570728,5.27
1033,3.7,5.27,207.916752924219,-153.916964324308,5.27
1051,3.7,5.27,249.950626699772,101.650154199144,5.27
1070,3.7,5.27,30.6186558430087,267.094952670393,5.27
1088,3.7,5.27,-209.160508486044,170.806708509244,5.27
1106,3.7,5.27,-250.8216242109,-87.5359701463152,5.27
1125,3.7,5.27,-44.6452228573934,-265.025682478418,5.27
1143,3.7,5.27,199.608348122791,-179.969251025522,5.27
1162,3.7,5.27,270.560708633582,89.2286400700159,5.27
1180,3.7,5.27,49.8691567387509,284.121943955141,5.27
1199,3.7,5.27,-226.460808143886,166.275042552385,5.27
1217,3.7,5.27,-253.766581046161,-121.453063101473,5.27
1235,3.7,5.27,-16.5073771697393,-282.374098177474,5.27
1254,3.7,5.27,248.809721739543,-137.899851987783,5.27
1272,3.7,5.27,247.308744826198,160.709302726125,5.27
1291,3.7,5.27,-34.164038879295,289.915008409664,5.27
1309,3.7,5.27,-269.510466377481,115.440427331974,5.27
1328,3.7,5.27,-227.162727259385,-187.664765266267,5.27
1346,3.7,5.27,51.4770739629817,-295.539801725646,5.27
1364,3.7,5.27,277.587556775312,-102.593658321886,5.27
1383,3.7,5.27,238.344328704689,197.965707256097,5.27
1401,3.7,5.27,-29.5904210548463,308.016411847496,5.27
1420,3.7,5.27,-279.043169546234,130.007638451602,5.27
1438,3.7,5.27,-263.247077270341,-164.17066550279,5.27
1457,3.7,5.27,4.16709033650025,-305.125857915843,5.27
1475,3.7,5.27,262.522867788772,-166.498020159415,5.27
1493,3.7,5.27,302.64746344923,120.038246441529,5.27
1512,3.7,5.27,86.8054624213171,311.033061341706,5.27
1530,3.7,5.27,-181.692622952782,268.894881842051,5.27
1549,3.7,5.27,-327.585788725074,22.822529160406,5.27
1567,3.7,5.27,-227.581647103767,-232.643027492346,5.27
1586,3.7,5.27,42.0248388618547,-320.727781178528,5.27
1604,3.7,5.27,267.305590892117,-176.981170290239,5.27
1622,3.7,5.27,328.79176423226,89.5860478631423,5.27
1641,3.7,5.27,125.115361280581,319.446567988373,5.27
1659,3.7,5.27,-164.430010634244,300.595116913982,5.27
1678,3.7,5.27,-328.931030504777,48.6438136171819,5.27
1696,3.7,5.27,-249.163784547796,-227.228571293167,5.27
1715,3.7,5.27,28.24195481609,-336.996605619852,5.27
1733,3.7,5.27,275.754166199117,-196.299769643864,5.27
1752,3.7,5.27,-0.028,-0.003,5.27
