month,optical_efficiency,cosine_efficiency,shadow_blocking_efficiency,specific_power_kw_m2
1,0.6657003298796795,0.7445065215585323,0.9994866437745411,0.5794327479604229
2,0.6877436137142048,0.7687353839142851,1.0,0.6484185455913809
3,0.7094251030041836,0.7929651381794193,1.0,0.7056803158113804
4,0.7283519320263405,0.8141167094473568,1.0,0.7495629812844421
5,0.738682100240382,0.825661210789503,1.0,0.7717933211840842
6,0.7418260097989735,0.8291747035316787,1.0,0.7783651551216753
7,0.7385733977165844,0.8255397297885614,1.0,0.7715646022695966
8,0.7276228933865936,0.8133019727831897,1.0,0.74795342423706
9,0.7083316003088637,0.7917431067484652,1.0,0.7029944290510175
10,0.6850015108739639,0.7656710202629583,1.0,0.6404710850238006
11,0.6634775492831843,0.7424379155936601,0.9989112095123163,0.572559297055055
12,0.653343549541027,0.7339590094109616,0.9948908747745676,0.5422606884564627
